<?xml version="1.0" encoding="UTF-8" ?>
<!DOCTYPE mapper PUBLIC "-//mybatis.org//DTD Mapper 3.0//EN"
        "http://mybatis.org/dtd/mybatis-3-mapper.dtd">
<mapper namespace="com.korit.project.backend.mapper.CadFileMapper">
    
    <insert id="insertCadFile" useGeneratedKeys="true" keyProperty="id">
        INSERT INTO cad_files (original_filename, file_size, status)
        VALUES (#{originalFilename}, #{fileSize}, #{status})
    </insert>
    
    <select id="findById" resultType="com.korit.project.backend.entity.CadFile">
        SELECT 
            id,
            original_filename as originalFilename,
            glb_file_path as glbFilePath,
            uploaded_at as uploadedAt,
            file_size as fileSize,
            status
        FROM cad_files WHERE id = #{id}
    </select>
    
    <select id="findAll" resultType="com.korit.project.backend.entity.CadFile">
        SELECT 
            id,
            original_filename as originalFilename,
            glb_file_path as glbFilePath,
            uploaded_at as uploadedAt,
            file_size as fileSize,
            status
        FROM cad_files ORDER BY uploaded_at DESC
    </select>
    
    <update id="updateStatus">
        UPDATE cad_files SET status = #{status} WHERE id = #{id}
    </update>
    
    <update id="updateGlbPath">
        UPDATE cad_files SET glb_file_path = #{glbFilePath} WHERE id = #{id}
    </update>
    
</mapper>
